{
    "qna": [
        {
            "qid": "zombie.1",
            "q": [
                "What are Zombies"
            ],
            "a": "Zombies are the undead"
        },
        {
            "qid": "zombie.2",
            "q": [
                "What do zombies eat?"
            ],
            "a": "Zombies eat brains"
        },
        {
            "qid": "zombie.3",
            "q": [
                "Do zombies make good pets"
            ],
            "a": "better than cats"
        }
    ] 
}
